-- phpMyAdmin SQL Dump
-- version 3.3.9
-- http://www.phpmyadmin.net
--
-- Host: localhost
-- Generation Time: Jun 23, 2016 at 12:22 PM
-- Server version: 5.5.8
-- PHP Version: 5.3.5

SET SQL_MODE="NO_AUTO_VALUE_ON_ZERO";


/*!40101 SET @OLD_CHARACTER_SET_CLIENT=@@CHARACTER_SET_CLIENT */;
/*!40101 SET @OLD_CHARACTER_SET_RESULTS=@@CHARACTER_SET_RESULTS */;
/*!40101 SET @OLD_COLLATION_CONNECTION=@@COLLATION_CONNECTION */;
/*!40101 SET NAMES utf8 */;

--
-- Database: `ums_shamim`
--

-- --------------------------------------------------------

--
-- Table structure for table `article_tbl`
--

CREATE TABLE IF NOT EXISTS `article_tbl` (
  `a_id` int(10) unsigned NOT NULL AUTO_INCREMENT,
  `loca_id` int(10) NOT NULL,
  `title` varchar(100) NOT NULL,
  `content` text NOT NULL,
  `status` char(10) NOT NULL,
  `note` varchar(100) NOT NULL,
  PRIMARY KEY (`a_id`)
) ENGINE=InnoDB  DEFAULT CHARSET=latin1 AUTO_INCREMENT=5 ;

--
-- Dumping data for table `article_tbl`
--

INSERT INTO `article_tbl` (`a_id`, `loca_id`, `title`, `content`, `status`, `note`) VALUES
(2, 1, 'Student Entry', 'link to other page', 'Private', 'ttt'),
(3, 1, 'Teachers Entry', 'link to teacher entry', 'Public', 'for teacher');

-- --------------------------------------------------------

--
-- Table structure for table `facuties_tbl`
--

CREATE TABLE IF NOT EXISTS `facuties_tbl` (
  `faculties_id` int(10) unsigned NOT NULL AUTO_INCREMENT,
  `faculties_name` varchar(50) NOT NULL,
  `note` varchar(100) NOT NULL,
  PRIMARY KEY (`faculties_id`)
) ENGINE=InnoDB  DEFAULT CHARSET=latin1 AUTO_INCREMENT=4 ;

--
-- Dumping data for table `facuties_tbl`
--

INSERT INTO `facuties_tbl` (`faculties_id`, `faculties_name`, `note`) VALUES
(2, 'Science and Technology', 'Part of science'),
(3, 'Law', 'part of Law');

-- --------------------------------------------------------

--
-- Table structure for table `location_tb`
--

CREATE TABLE IF NOT EXISTS `location_tb` (
  `loca_id` int(10) unsigned NOT NULL AUTO_INCREMENT,
  `l_name` varchar(100) NOT NULL,
  `description` text NOT NULL,
  `note` varchar(150) NOT NULL,
  PRIMARY KEY (`loca_id`)
) ENGINE=InnoDB  DEFAULT CHARSET=latin1 AUTO_INCREMENT=2 ;

--
-- Dumping data for table `location_tb`
--

INSERT INTO `location_tb` (`loca_id`, `l_name`, `description`, `note`) VALUES
(1, 'left menu', 'link to other page', 'menu');

-- --------------------------------------------------------

--
-- Table structure for table `stu_score_tbl`
--

CREATE TABLE IF NOT EXISTS `stu_score_tbl` (
  `ss_id` int(10) unsigned NOT NULL AUTO_INCREMENT,
  `stu_id` int(10) NOT NULL,
  `faculties_id` int(10) NOT NULL,
  `sub_id` int(10) NOT NULL,
  `miderm` float NOT NULL,
  `final` float NOT NULL,
  `note` varchar(100) NOT NULL,
  PRIMARY KEY (`ss_id`)
) ENGINE=InnoDB  DEFAULT CHARSET=latin1 AUTO_INCREMENT=29 ;

--
-- Dumping data for table `stu_score_tbl`
--

INSERT INTO `stu_score_tbl` (`ss_id`, `stu_id`, `faculties_id`, `sub_id`, `miderm`, `final`, `note`) VALUES
(1, 1, 2, 1, 39, 39, 'good'),
(2, 1, 2, 2, 40, 40, 'top score'),
(6, 1, 2, 3, 30, 34, 'good'),
(7, 1, 2, 4, 40, 39, 'top'),
(8, 1, 2, 5, 57, 40, 'good'),
(9, 1, 2, 6, 54, 39, 'good'),
(10, 2, 2, 1, 48, 40, 'good'),
(11, 2, 2, 2, 60, 40, 'good'),
(12, 2, 2, 3, 57, 40, 'good'),
(13, 2, 2, 4, 57, 40, 'good'),
(15, 2, 2, 5, 48, 40, 'good'),
(16, 2, 2, 6, 59, 39, 'good'),
(17, 3, 2, 1, 53, 34, 'good'),
(18, 3, 2, 2, 40, 40, 'good'),
(19, 3, 2, 3, 48, 40, 'good'),
(20, 3, 2, 4, 40, 34, 'good'),
(21, 3, 2, 5, 49, 34, 'good'),
(22, 3, 2, 6, 54, 34, 'good'),
(23, 4, 2, 1, 59, 40, 'good'),
(24, 4, 2, 2, 53, 40, 'good'),
(25, 4, 2, 3, 59, 40, 'good'),
(26, 4, 2, 4, 58, 40, 'good'),
(27, 4, 2, 5, 58, 40, 'good'),
(28, 4, 2, 6, 59, 40, 'good');

-- --------------------------------------------------------

--
-- Table structure for table `stu_tbl`
--

CREATE TABLE IF NOT EXISTS `stu_tbl` (
  `stu_id` int(10) unsigned NOT NULL AUTO_INCREMENT,
  `f_name` varchar(50) NOT NULL,
  `l_name` varchar(50) NOT NULL,
  `gender` char(10) NOT NULL,
  `dob` date NOT NULL,
  `pob` varchar(100) NOT NULL,
  `address` varchar(100) NOT NULL,
  `phone` varchar(50) NOT NULL,
  `email` varchar(70) NOT NULL,
  `note` varchar(100) NOT NULL,
  PRIMARY KEY (`stu_id`)
) ENGINE=InnoDB  DEFAULT CHARSET=latin1 AUTO_INCREMENT=5 ;

--
-- Dumping data for table `stu_tbl`
--

INSERT INTO `stu_tbl` (`stu_id`, `f_name`, `l_name`, `gender`, `dob`, `pob`, `address`, `phone`, `email`, `note`) VALUES
(1, 'Shamim', 'Hossain', 'Male', '1993-03-01', 'fghtgh', 'mirpur', '0188 9 666 120', 'mak@gmail.com', 'Student'),
(2, 'kochi', 'kochi', 'female', '1993-05-04', 'jhs', 'mirpur', '015 66 77 33', 'hon@yahoo.com  ', 'Student'),
(3, 'Emtiez', 'zahid', 'Male', '1988-05-05', 'Takeo Province   ', 'Mirpur', '097 69 90 123', 'munysoa@gmail.com   ', 'Student'),
(4, 'Soniya', 'akter', 'Female', '1999-06-06', '', '', '099 77 66 55 ', 'cheatasok@gmail.com', 'Student');

-- --------------------------------------------------------

--
-- Table structure for table `sub_tbl`
--

CREATE TABLE IF NOT EXISTS `sub_tbl` (
  `sub_id` int(10) unsigned NOT NULL AUTO_INCREMENT,
  `faculties_id` int(10) NOT NULL,
  `teacher_id` int(10) NOT NULL,
  `semester` varchar(10) NOT NULL,
  `sub_name` varchar(100) NOT NULL,
  `note` varchar(100) NOT NULL,
  PRIMARY KEY (`sub_id`)
) ENGINE=InnoDB  DEFAULT CHARSET=latin1 AUTO_INCREMENT=7 ;

--
-- Dumping data for table `sub_tbl`
--

INSERT INTO `sub_tbl` (`sub_id`, `faculties_id`, `teacher_id`, `semester`, `sub_name`, `note`) VALUES
(1, 2, 1, '1', 'Web Programming', 'HTML and CSS,PHP'),
(2, 2, 2, '1', 'OOP and C++', 'Part of C Language'),
(3, 2, 3, '2', 'English for Computing', 'part 2'),
(4, 2, 4, '2', 'Network', 'part2'),
(5, 2, 5, '2', 'VB.Net', 'part 2'),
(6, 2, 6, '2', 'Database', 'part 2');

-- --------------------------------------------------------

--
-- Table structure for table `teacher_tbl`
--

CREATE TABLE IF NOT EXISTS `teacher_tbl` (
  `teacher_id` int(10) unsigned NOT NULL AUTO_INCREMENT,
  `f_name` varchar(30) NOT NULL,
  `l_name` varchar(30) NOT NULL,
  `gender` char(10) NOT NULL,
  `dob` date NOT NULL,
  `pob` varchar(100) NOT NULL,
  `address` varchar(100) NOT NULL,
  `degree` varchar(50) NOT NULL,
  `salary` float NOT NULL,
  `married` char(10) NOT NULL,
  `phone` varchar(50) NOT NULL,
  `email` varchar(50) NOT NULL,
  `note` varchar(100) NOT NULL,
  PRIMARY KEY (`teacher_id`)
) ENGINE=InnoDB  DEFAULT CHARSET=latin1 AUTO_INCREMENT=7 ;

--
-- Dumping data for table `teacher_tbl`
--

INSERT INTO `teacher_tbl` (`teacher_id`, `f_name`, `l_name`, `gender`, `dob`, `pob`, `address`, `degree`, `salary`, `married`, `phone`, `email`, `note`) VALUES
(5, 'shamim', 'Reza', 'Male', '1988-05-11', 'fghfh', 'mirpur', 'Bachelor', 150000, 'Yes', '0197 66 55 423', 'ki@gmail.com', 'VB'),
(6, 'samsuddin', 'ahmed', 'Male', '1985-02-01', 'hghg', 'mirpur', 'Bachelor', 130000, 'Yes', '0172 33 44 55', 'sann@gmail.com', 'Database');

-- --------------------------------------------------------

--
-- Table structure for table `users_tbl`
--

CREATE TABLE IF NOT EXISTS `users_tbl` (
  `u_id` int(10) unsigned NOT NULL AUTO_INCREMENT,
  `username` varchar(50) NOT NULL,
  `password` varchar(30) NOT NULL,
  `type` char(10) NOT NULL,
  `note` varchar(100) NOT NULL,
  PRIMARY KEY (`u_id`)
) ENGINE=InnoDB  DEFAULT CHARSET=latin1 AUTO_INCREMENT=5 ;

--
-- Dumping data for table `users_tbl`
--

INSERT INTO `users_tbl` (`u_id`, `username`, `password`, `type`, `note`) VALUES
(1, 'admin', 'admin', 'creator', 'creator'),
(2, 'shamim', 'shamim', 'creator', 'creator');
